INSERT INTO CUSTOMER VALUES('C0091234545','ABHISHEK','REDDY','M',25,7894561230,'ABCD@GMAIL.COM','Abhi@1234');
INSERT INTO CUSTOMER VALUES('C2361357136' , 'KRISHNA','CHAITANYA','M',19,9894561230,'EFGH@GMAIL.COM', 'Krishna@1597');
INSERT INTO CUSTOMER VALUES('C6871313581','HARSHA','VARDHAN','M',19,6784561230,'MNOP@GMAIL.COM', 'Harsha@3497');
INSERT INTO CUSTOMER VALUES('C3157761383','VAMSI','BHARGAV','M',25,9635561230,'VAMSHI@GMAIL.COM', 'Vamsi@2358');
INSERT INTO CUSTOMER VALUES('C6871368973','SWAPNA','KUMARI','F',23,6982361230,'SWAPNA@GMAIL.COM', 'Swapna@3456');
INSERT INTO CUSTOMER VALUES('C2698575573' , 'NAMRATA','DUTTA','F',19,8981561230,'NAMRATA@GMAIL.COM', 'Namrata@99');
INSERT INTO CUSTOMER VALUES('C2154434545','MOHAN','BABU','M',23,8894561230,'MOHAN@GMAIL.COM', 'Mohan@9999');
INSERT INTO CUSTOMER VALUES('C3651436716','ANANYA','PANDEY','F',28,6985461230,'ANANYA@GMAIL.COM','ANNU@1234');
INSERT INTO CUSTOMER VALUES('C3681369171','SHRADDHA','KAPOOR','F',35,9658561230,'SHRADDHA@GMAIL.COM','Shraddha@5555');
INSERT INTO CUSTOMER VALUES('C0023545547','SAMANTHA','RUTHPRABHU','F',35,7894561230,'SAMANTHA@GMAIL.COM','Sam@6666');

INSERT INTO PHARMACIST VALUES('P3645645612','ALLU','ARJUN','M',39,7412589630,'ALLU@gmail.com','Allu@3694');
INSERT INTO PHARMACIST VALUES('P9945645612','PRABHAS','VARMA','M',38,9653589630,'VARMA@gmail.com','Prabh@2984');
INSERT INTO PHARMACIST VALUES('P1235645612','TARAKA','RAMARAO','M',26,6954589630,'TARAK@gmail.com','Tarak@2365');
INSERT INTO PHARMACIST VALUES('P3698645612','NITHIN','CHOWDARY','M',35,9652589630,'NITHIN@gmail.com','Nithin@1257');
INSERT INTO PHARMACIST VALUES('P2548645612','ANUSHKA','SHARMA','F',34,6999589630,'ANU@gmail.com','Anu@1236');
INSERT INTO PHARMACIST VALUES('P5784645612','KAJAL','AGARWAL','F',35,9657489630,'KAJAL@gmail.com','Kajal@4597');
INSERT INTO PHARMACIST VALUES('P1596645612','KATRINA','KAIF','F',49,6634589630,'KATRINA@gmail.com','Katrina@1256');
INSERT INTO PHARMACIST VALUES('P1528645612','DISHA','PATANI','F',31,9644449630,'DISHA@gmail.com','Disha@1598');
INSERT INTO PHARMACIST VALUES('P3255645612','SHRUTI','HASSAN','F',41,8652989630,'SHRUTI@gmail.com','Shruti@1478');
INSERT INTO PHARMACIST VALUES('P2998645612','MAHESH','BABU','M',26,8965189630,'MAHESH@gmail.com','Mahesh@1234');


INSERT INTO MEDICINES VALUES('M3245697851','BRODIL','USED FOR COUGH',199);
INSERT INTO MEDICINES VALUES('M3598846123','PARACETAMOL','USED FOR MILD FEVER',099);
INSERT INTO MEDICINES VALUES('M3598764123','NAPROXEN','USED FOR HEADACHE',399);
INSERT INTO MEDICINES VALUES('M1234976512','ACETAMINOPHEN','USED FOR COLD',359);
INSERT INTO MEDICINES VALUES('M3688751365','AMOXICILLIN','USED FOR SKIN INFECTION',156)
INSERT INTO MEDICINES VALUES('M3613675367','PERIDEX','USED FOR ANTICEPTIC',450);
INSERT INTO MEDICINES VALUES('M1357369839','IBUPROFEN','USED FOR INJURIES ',330);
INSERT INTO MEDICINES VALUES('M9865423435','ASPIRIN','USED FOR PAIN KILLER',550);
INSERT INTO MEDICINES VALUES('M5649845848','PEPTO BISMOL','USED FOR VOMTING',440);
INSERT INTO MEDICINES VALUES('M1234567895','AJITHROMYCIN','USED FOR THROAT INFECTION' , 325);

INSERT INTO PURCHASING VALUES('PU561223563','C0091234545','M3245697851',199,'12-DEC-2022');
INSERT INTO PURCHASING VALUES('PU996123566','C2361357136','M1234567895',325,'15-OCT-2021');
INSERT INTO PURCHASING VALUES('PU556132563','C6871313581','M3598846123',099,'26-APR-2020');
INSERT INTO PURCHASING VALUES('PU126198563','C3157761383','M3598764123',399,'22-MAR-2020');
INSERT INTO PURCHASING VALUES('PU896125256','C6871368973','M1234976512',359,'14-DEC-2019');
INSERT INTO PURCHASING VALUES('PU666198563','C2698575573','M3688751365',156,'10-JUL-2018');
INSERT INTO PURCHASING VALUES('PU556168563','C2154434545','M3613675367',450,'01-NOV-2019');
INSERT INTO PURCHASING VALUES('PU446148563','C3651436716','M1357369839',330,'29-AUG-2017');
INSERT INTO PURCHASING VALUES('PU336134563','C3681369171','M9865423435',550,'06-SEP-2016');
INSERT INTO PURCHASING VALUES('PU226159563','C0023545547','M5649845848',440,'30-MAR-2022');


INSERT INTO SALES VALUES('S59894555','P3645645612','C0091234545','M3245697851',200,'PU561223563', '12-DEC-2022',398);
INSERT INTO SALES VALUES('S25698745','P9945645612','C2361357136','M1234567895',300,'PU996123566', '15-OCT-2021',975);
INSERT INTO SALES VALUES('S69855215','P1235645612','C6871313581','M3598846123',50,'PU556132563', '26-APR-2020',495);
INSERT INTO SALES VALUES('S12345678','P3698645612','C3157761383','M3598764123',100,'PU126198563', '22-MAR-2020',399);
INSERT INTO SALES VALUES('S36987412','P2548645612','C6871368973','M1234976512',100,'PU896125256', '14-APR-2019',3590);
INSERT INTO SALES VALUES('S36987456','P5784645612','C2698575573','M3688751365',40,'PU666198563', '10-JUL-2018',624);
INSERT INTO SALES VALUES('S25698746','P1596645612','C2154434545','M3613675367',120,'PU556168563', '01-NOV-2019',4500);
INSERT INTO SALES VALUES('S15236987','P1528645612','C3651436716','M1357369839',70,'PU446148563', '29-AUG-2017',2310);
INSERT INTO SALES VALUES('S36559821','P3255645612','C3681369171','M9865423435',80,'PU336134563', '06-SEP-2016',4400);
INSERT INTO SALES VALUES('S12365986','P2998645612','C0023545547','M5649845848',35,'PU226159563', '30-MAR-2022',1320);


INSERT INTO REPORTS VALUES('R458796587','PU561223563','S59894555','C0091234545','12-DEC-2022');
INSERT INTO REPORTS VALUES('R852369741','PU896125256','S36987412','C6871368973', '14-DEC-2019');
INSERT INTO REPORTS VALUES('R485933274','PU226159563','S12365986','C0023545547', '30-MAR-2022');


